,country,club_name,club_code,link,gender,year,counter
0,Albania Football Clubs,Vllaznia-Shkoder,d8deaf72,https://fbref.com/en/squads/d8deaf72/2022-2023/all_comps/Vllaznia-Shkoder-Stats-All-Competitions,Female,2022,14
1,Armenia Football Clubs,FC-Pyunik,03022534,https://fbref.com/en/squads/03022534/2022-2023/all_comps/FC-Pyunik-Stats-All-Competitions,,2022,81
2,Australia Football Clubs,Adelaide-United,a4302376,https://fbref.com/en/squads/a4302376/2022-2023/all_comps/Adelaide-United-Stats-All-Competitions,Male,2022,88
3,Australia Football Clubs,Adelaide-United-Women,772ed712,https://fbref.com/en/squads/772ed712/2022-2023/all_comps/Adelaide-United-Women-Stats-All-Competitions,Female,2022,89
4,Australia Football Clubs,Brisbane-Roar-Women,f60413f7,https://fbref.com/en/squads/f60413f7/2022-2023/all_comps/Brisbane-Roar-Women-Stats-All-Competitions,Female,2022,92
5,Australia Football Clubs,Brisbane-Roar,3efc42c3,https://fbref.com/en/squads/3efc42c3/2022-2023/all_comps/Brisbane-Roar-Stats-All-Competitions,Male,2022,93
6,Australia Football Clubs,Canberra-United,a2fa3506,https://fbref.com/en/squads/a2fa3506/2022-2023/all_comps/Canberra-United-Stats-All-Competitions,Female,2022,96
7,Australia Football Clubs,Central-Coast-Mariners,605aca82,https://fbref.com/en/squads/605aca82/2022-2023/all_comps/Central-Coast-Mariners-Stats-All-Competitions,Male,2022,97
8,Australia Football Clubs,Macarthur-FC,f951d655,https://fbref.com/en/squads/f951d655/2022-2023/all_comps/Macarthur-FC-Stats-All-Competitions,Male,2022,99
9,Australia Football Clubs,Melbourne-City,31553c94,https://fbref.com/en/squads/31553c94/2022-2023/all_comps/Melbourne-City-Stats-All-Competitions,Male,2022,100
10,Australia Football Clubs,Melbourne-City-Women,6082332e,https://fbref.com/en/squads/6082332e/2022-2023/all_comps/Melbourne-City-Women-Stats-All-Competitions,Female,2022,101
11,Australia Football Clubs,Melbourne-Victory,fbcd7d37,https://fbref.com/en/squads/fbcd7d37/2022-2023/all_comps/Melbourne-Victory-Stats-All-Competitions,Male,2022,104
12,Australia Football Clubs,Melbourne-Victory-Women,4f6d7ee7,https://fbref.com/en/squads/4f6d7ee7/2022-2023/all_comps/Melbourne-Victory-Women-Stats-All-Competitions,Female,2022,105
13,Australia Football Clubs,Newcastle-Jets-Women,acd7ce24,https://fbref.com/en/squads/acd7ce24/2022-2023/all_comps/Newcastle-Jets-Women-Stats-All-Competitions,Female,2022,108
14,Australia Football Clubs,Newcastle-Jets,f9e3296b,https://fbref.com/en/squads/f9e3296b/2022-2023/all_comps/Newcastle-Jets-Stats-All-Competitions,Male,2022,109
15,Australia Football Clubs,Perth-Glory-Women,bae78cfe,https://fbref.com/en/squads/bae78cfe/2022-2023/all_comps/Perth-Glory-Women-Stats-All-Competitions,Female,2022,113
16,Australia Football Clubs,Perth-Glory,f2b23808,https://fbref.com/en/squads/f2b23808/2022-2023/all_comps/Perth-Glory-Stats-All-Competitions,Male,2022,114
17,Australia Football Clubs,Sydney,5903e501,https://fbref.com/en/squads/5903e501/2022-2023/all_comps/Sydney-Stats-All-Competitions,Female,2022,117
18,Australia Football Clubs,Sydney-FC,2466c132,https://fbref.com/en/squads/2466c132/2022-2023/all_comps/Sydney-FC-Stats-All-Competitions,Male,2022,119
19,Australia Football Clubs,Western-Sydney-Wanderers,38e60d08,https://fbref.com/en/squads/38e60d08/2022-2023/all_comps/Western-Sydney-Wanderers-Stats-All-Competitions,Male,2022,123
20,Australia Football Clubs,Western-Sydney-Wanderers-Women,25b31403,https://fbref.com/en/squads/25b31403/2022-2023/all_comps/Western-Sydney-Wanderers-Women-Stats-All-Competitions,Female,2022,124
21,Australia Football Clubs,Western-United,af4ccd77,https://fbref.com/en/squads/af4ccd77/2022-2023/all_comps/Western-United-Stats-All-Competitions,Male,2022,127
22,Australia Football Clubs,Western-United-Women,0a911f26,https://fbref.com/en/squads/0a911f26/2022-2023/all_comps/Western-United-Women-Stats-All-Competitions,Female,2022,128
23,Austria Football Clubs,FC-Bergheim,117f88e3,https://fbref.com/en/squads/117f88e3/2022-2023/all_comps/FC-Bergheim-Stats-All-Competitions,Female,2022,133
24,Austria Football Clubs,Red-Bull-Salzburg,50f2a074,https://fbref.com/en/squads/50f2a074/2022-2023/all_comps/Red-Bull-Salzburg-Stats-All-Competitions,Male,2022,137
25,Austria Football Clubs,Wacker-Innsbruck-Women,f2370380,https://fbref.com/en/squads/f2370380/2022-2023/all_comps/Wacker-Innsbruck-Women-Stats-All-Competitions,Female,2022,141
26,Austria Football Clubs,Vorderland,828e25c7,https://fbref.com/en/squads/828e25c7/2022-2023/all_comps/Vorderland-Stats-All-Competitions,Female,2022,144
27,Austria Football Clubs,First-Vienna-FC,424e506f,https://fbref.com/en/squads/424e506f/2022-2023/all_comps/First-Vienna-FC-Stats-All-Competitions,Female,2022,145
28,Austria Football Clubs,Austria-Wien,ee0bccc5,https://fbref.com/en/squads/ee0bccc5/2022-2023/all_comps/Austria-Wien-Stats-All-Competitions,Male,2022,146
29,Austria Football Clubs,LASK,d20821dd,https://fbref.com/en/squads/d20821dd/2022-2023/all_comps/LASK-Stats-All-Competitions,Male,2022,149
30,Austria Football Clubs,SC-Austria-Lustenau,b43d1132,https://fbref.com/en/squads/b43d1132/2022-2023/all_comps/SC-Austria-Lustenau-Stats-All-Competitions,Male,2022,150
31,Austria Football Clubs,Rheindorf-Altach,80beba99,https://fbref.com/en/squads/80beba99/2022-2023/all_comps/Rheindorf-Altach-Stats-All-Competitions,Male,2022,151
32,Austria Football Clubs,SK-Austria-Klagenfurt,7030fffd,https://fbref.com/en/squads/7030fffd/2022-2023/all_comps/SK-Austria-Klagenfurt-Stats-All-Competitions,Male,2022,155
33,Austria Football Clubs,Rapid-Wien,912e4c40,https://fbref.com/en/squads/912e4c40/2022-2023/all_comps/Rapid-Wien-Stats-All-Competitions,Male,2022,156
34,Austria Football Clubs,Sturm-Graz-Women,07787bf7,https://fbref.com/en/squads/07787bf7/2022-2023/all_comps/Sturm-Graz-Women-Stats-All-Competitions,Female,2022,157
35,Austria Football Clubs,Sturm-Graz,3f4fe568,https://fbref.com/en/squads/3f4fe568/2022-2023/all_comps/Sturm-Graz-Stats-All-Competitions,Male,2022,158
36,Austria Football Clubs,St-Polten-Women,3d377a8c,https://fbref.com/en/squads/3d377a8c/2022-2023/all_comps/St-Polten-Women-Stats-All-Competitions,Female,2022,162
37,Austria Football Clubs,SKV-Altenmarkt,15cda631,https://fbref.com/en/squads/15cda631/2022-2023/all_comps/SKV-Altenmarkt-Stats-All-Competitions,Female,2022,163
38,Austria Football Clubs,SPG-UNION-KleinmunchenBW-Linz,f59ec0ea,https://fbref.com/en/squads/f59ec0ea/2022-2023/all_comps/SPG-UNION-KleinmunchenBW-Linz-Stats-All-Competitions,Female,2022,164
39,Austria Football Clubs,SV-Neulengbach,e21816f2,https://fbref.com/en/squads/e21816f2/2022-2023/all_comps/SV-Neulengbach-Stats-All-Competitions,Female,2022,168
40,Austria Football Clubs,Ried,8bb8811f,https://fbref.com/en/squads/8bb8811f/2022-2023/all_comps/Ried-Stats-All-Competitions,Male,2022,169
41,Austria Football Clubs,Hartberg,f6d9c820,https://fbref.com/en/squads/f6d9c820/2022-2023/all_comps/Hartberg-Stats-All-Competitions,Male,2022,170
42,Austria Football Clubs,Landhaus,60942bd8,https://fbref.com/en/squads/60942bd8/2022-2023/all_comps/Landhaus-Stats-All-Competitions,Female,2022,171
43,Austria Football Clubs,Wolfsberger-AC,426658a6,https://fbref.com/en/squads/426658a6/2022-2023/all_comps/Wolfsberger-AC-Stats-All-Competitions,Male,2022,172
44,Austria Football Clubs,WSG-Tirol,c63dd2d5,https://fbref.com/en/squads/c63dd2d5/2022-2023/all_comps/WSG-Tirol-Stats-All-Competitions,Male,2022,173
45,Azerbaijan Football Clubs,Qarabag-FK,44b65410,https://fbref.com/en/squads/44b65410/2022-2023/all_comps/Qarabag-FK-Stats-All-Competitions,,2022,183
46,Belgium Football Clubs,Cercle-Brugge,e8d2adc4,https://fbref.com/en/squads/e8d2adc4/2022-2023/all_comps/Cercle-Brugge-Stats-All-Competitions,Male,2022,215
47,Belgium Football Clubs,Club-Brugge-Women,07664737,https://fbref.com/en/squads/07664737/2022-2023/all_comps/Club-Brugge-Women-Stats-All-Competitions,Female,2022,216
48,Belgium Football Clubs,Club-Brugge,f1e6c5f1,https://fbref.com/en/squads/f1e6c5f1/2022-2023/all_comps/Club-Brugge-Stats-All-Competitions,Male,2022,217
49,Belgium Football Clubs,Club-NXT,ad590ea7,https://fbref.com/en/squads/ad590ea7/2022-2023/all_comps/Club-NXT-Stats-All-Competitions,Male,2022,220
50,Belgium Football Clubs,DVL-Zonhoven,eac05419,https://fbref.com/en/squads/eac05419/2022-2023/all_comps/DVL-Zonhoven-Stats-All-Competitions,Female,2022,221
51,Belgium Football Clubs,White-Star,a697eb08,https://fbref.com/en/squads/a697eb08/2022-2023/all_comps/White-Star-Stats-All-Competitions,Female,2022,223
52,Belgium Football Clubs,Dender,868afa3f,https://fbref.com/en/squads/868afa3f/2022-2023/all_comps/Dender-Stats-All-Competitions,Male,2022,224
53,Belgium Football Clubs,Gent,51e5a603,https://fbref.com/en/squads/51e5a603/2022-2023/all_comps/Gent-Stats-All-Competitions,Male,2022,226
54,Belgium Football Clubs,KAA-La-Gantoise,5cc94039,https://fbref.com/en/squads/5cc94039/2022-2023/all_comps/KAA-La-Gantoise-Stats-All-Competitions,Female,2022,227
55,Belgium Football Clubs,Eupen,5809ddc3,https://fbref.com/en/squads/5809ddc3/2022-2023/all_comps/Eupen-Stats-All-Competitions,Male,2022,228
56,Belgium Football Clubs,Beerschot-Wilrijk,c16e44ce,https://fbref.com/en/squads/c16e44ce/2022-2023/all_comps/Beerschot-Wilrijk-Stats-All-Competitions,Male,2022,232
57,Belgium Football Clubs,KMSK-Deinze,d6611ea0,https://fbref.com/en/squads/d6611ea0/2022-2023/all_comps/KMSK-Deinze-Stats-All-Competitions,Male,2022,233
58,Belgium Football Clubs,Genk,1e972a99,https://fbref.com/en/squads/1e972a99/2022-2023/all_comps/Genk-Stats-All-Competitions,Male,2022,234
59,Belgium Football Clubs,KRC-Genk-U23,e806fd60,https://fbref.com/en/squads/e806fd60/2022-2023/all_comps/KRC-Genk-U23-Stats-All-Competitions,Male,2022,235
60,Belgium Football Clubs,Kortrijk,77193015,https://fbref.com/en/squads/77193015/2022-2023/all_comps/Kortrijk-Stats-All-Competitions,Male,2022,241
61,Belgium Football Clubs,Mechelen,09f00144,https://fbref.com/en/squads/09f00144/2022-2023/all_comps/Mechelen-Stats-All-Competitions,Male,2022,242
62,Belgium Football Clubs,Oostende,95b895fe,https://fbref.com/en/squads/95b895fe/2022-2023/all_comps/Oostende-Stats-All-Competitions,Male,2022,243
63,Belgium Football Clubs,Westerlo,57b6cfb8,https://fbref.com/en/squads/57b6cfb8/2022-2023/all_comps/Westerlo-Stats-All-Competitions,Male,2022,245
64,Belgium Football Clubs,Lierse-Kempenzonen,97c66f8c,https://fbref.com/en/squads/97c66f8c/2022-2023/all_comps/Lierse-Kempenzonen-Stats-All-Competitions,Male,2022,247
65,Belgium Football Clubs,Lommel-SK,6f98eba9,https://fbref.com/en/squads/6f98eba9/2022-2023/all_comps/Lommel-SK-Stats-All-Competitions,Male,2022,249
66,Belgium Football Clubs,OH-Leuven,27e981a3,https://fbref.com/en/squads/27e981a3/2022-2023/all_comps/OH-Leuven-Stats-All-Competitions,Male,2022,250
67,Belgium Football Clubs,OH-Leuven-Women,696ced1d,https://fbref.com/en/squads/696ced1d/2022-2023/all_comps/OH-Leuven-Women-Stats-All-Competitions,Female,2022,251
68,Belgium Football Clubs,Charleroi,140e320a,https://fbref.com/en/squads/140e320a/2022-2023/all_comps/Charleroi-Stats-All-Competitions,Male,2022,252
69,Belgium Football Clubs,RE-Virton,3ae1e75f,https://fbref.com/en/squads/3ae1e75f/2022-2023/all_comps/RE-Virton-Stats-All-Competitions,Male,2022,253
70,Belgium Football Clubs,RFC-Seraing,89e806ff,https://fbref.com/en/squads/89e806ff/2022-2023/all_comps/RFC-Seraing-Stats-All-Competitions,Male,2022,254
71,Belgium Football Clubs,Antwerp,c2e6b53b,https://fbref.com/en/squads/c2e6b53b/2022-2023/all_comps/Antwerp-Stats-All-Competitions,Male,2022,258
72,Belgium Football Clubs,Royal-Standard-de-Liege-U23,8eadc84f,https://fbref.com/en/squads/8eadc84f/2022-2023/all_comps/Royal-Standard-de-Liege-U23-Stats-All-Competitions,Male,2022,259
73,Belgium Football Clubs,Union-SG,e14f61a5,https://fbref.com/en/squads/e14f61a5/2022-2023/all_comps/Union-SG-Stats-All-Competitions,Male,2022,260
74,Belgium Football Clubs,Anderlecht,08ad393c,https://fbref.com/en/squads/08ad393c/2022-2023/all_comps/Anderlecht-Stats-All-Competitions,Male,2022,261
75,Belgium Football Clubs,Anderlecht-Women,231a3620,https://fbref.com/en/squads/231a3620/2022-2023/all_comps/Anderlecht-Women-Stats-All-Competitions,Female,2022,262
76,Belgium Football Clubs,RSC-Anderlecht-U23,19c8caf5,https://fbref.com/en/squads/19c8caf5/2022-2023/all_comps/RSC-Anderlecht-U23-Stats-All-Competitions,Male,2022,265
77,Belgium Football Clubs,RWD-Molenbeek,e423ea45,https://fbref.com/en/squads/e423ea45/2022-2023/all_comps/RWD-Molenbeek-Stats-All-Competitions,Male,2022,266
78,Belgium Football Clubs,Sint-Truiden,80328a1e,https://fbref.com/en/squads/80328a1e/2022-2023/all_comps/Sint-Truiden-Stats-All-Competitions,Male,2022,270
79,Belgium Football Clubs,Charleroi,3a282a27,https://fbref.com/en/squads/3a282a27/2022-2023/all_comps/Charleroi-Stats-All-Competitions,Female,2022,271
80,Belgium Football Clubs,Standard-Liege-Women,261c5544,https://fbref.com/en/squads/261c5544/2022-2023/all_comps/Standard-Liege-Women-Stats-All-Competitions,Female,2022,273
81,Belgium Football Clubs,Standard-Liege,33c6b26e,https://fbref.com/en/squads/33c6b26e/2022-2023/all_comps/Standard-Liege-Stats-All-Competitions,Male,2022,274
82,Belgium Football Clubs,Zulte-Waregem,ecd34b98,https://fbref.com/en/squads/ecd34b98/2022-2023/all_comps/Zulte-Waregem-Stats-All-Competitions,Male,2022,275
83,Belgium Football Clubs,Eendracht-Alost,33f08abd,https://fbref.com/en/squads/33f08abd/2022-2023/all_comps/Eendracht-Alost-Stats-All-Competitions,Female,2022,276
84,Belgium Football Clubs,Waasland-Beveren,0217e4d8,https://fbref.com/en/squads/0217e4d8/2022-2023/all_comps/Waasland-Beveren-Stats-All-Competitions,Male,2022,277
85,Belgium Football Clubs,Yellow-Red-KV-Mechelen,a172ed0a,https://fbref.com/en/squads/a172ed0a/2022-2023/all_comps/Yellow-Red-KV-Mechelen-Stats-All-Competitions,Female,2022,278
86,Bulgaria Football Clubs,FC-Arda,66906381,https://fbref.com/en/squads/66906381/2022-2023/all_comps/FC-Arda-Stats-All-Competitions,Male,2022,437
87,Bulgaria Football Clubs,Lokomotiv-Sofia,21b98152,https://fbref.com/en/squads/21b98152/2022-2023/all_comps/Lokomotiv-Sofia-Stats-All-Competitions,Male,2022,443
88,Bulgaria Football Clubs,FC-Spartak-Varna,e2736967,https://fbref.com/en/squads/e2736967/2022-2023/all_comps/FC-Spartak-Varna-Stats-All-Competitions,Male,2022,451
89,Bulgaria Football Clubs,CSKA-1948,eac36dde,https://fbref.com/en/squads/eac36dde/2022-2023/all_comps/CSKA-1948-Stats-All-Competitions,Male,2022,456
90,Bulgaria Football Clubs,Pirin-Blagoevgrad,50facccf,https://fbref.com/en/squads/50facccf/2022-2023/all_comps/Pirin-Blagoevgrad-Stats-All-Competitions,Male,2022,458
91,Bulgaria Football Clubs,Beroe,ab7b2fe7,https://fbref.com/en/squads/ab7b2fe7/2022-2023/all_comps/Beroe-Stats-All-Competitions,Male,2022,462
92,Bulgaria Football Clubs,Botev-Plovdiv,e56e174a,https://fbref.com/en/squads/e56e174a/2022-2023/all_comps/Botev-Plovdiv-Stats-All-Competitions,Male,2022,463
93,Bulgaria Football Clubs,Cherno-More,f61e60c9,https://fbref.com/en/squads/f61e60c9/2022-2023/all_comps/Cherno-More-Stats-All-Competitions,Male,2022,464
94,Bulgaria Football Clubs,CSKA-Sofia,cbde2682,https://fbref.com/en/squads/cbde2682/2022-2023/all_comps/CSKA-Sofia-Stats-All-Competitions,Male,2022,465
95,Bulgaria Football Clubs,PFC-Hebar-Pazardzhik,f66c03e0,https://fbref.com/en/squads/f66c03e0/2022-2023/all_comps/PFC-Hebar-Pazardzhik-Stats-All-Competitions,Male,2022,466
96,Bulgaria Football Clubs,Levski-Sofia,3a7a27c6,https://fbref.com/en/squads/3a7a27c6/2022-2023/all_comps/Levski-Sofia-Stats-All-Competitions,Male,2022,467
97,Bulgaria Football Clubs,Lokomotiv-Plovdiv,e0242ef1,https://fbref.com/en/squads/e0242ef1/2022-2023/all_comps/Lokomotiv-Plovdiv-Stats-All-Competitions,Male,2022,469
98,Bulgaria Football Clubs,Ludogorets-Razgrad,488c6ba1,https://fbref.com/en/squads/488c6ba1/2022-2023/all_comps/Ludogorets-Razgrad-Stats-All-Competitions,Male,2022,470
99,Bulgaria Football Clubs,Septemvri-Sofia,b786cf35,https://fbref.com/en/squads/b786cf35/2022-2023/all_comps/Septemvri-Sofia-Stats-All-Competitions,Male,2022,477
100,Bulgaria Football Clubs,Slavia-Sofia,b35f18af,https://fbref.com/en/squads/b35f18af/2022-2023/all_comps/Slavia-Sofia-Stats-All-Competitions,Male,2022,479
101,Bulgaria Football Clubs,Botev-Vratsa,87c3235f,https://fbref.com/en/squads/87c3235f/2022-2023/all_comps/Botev-Vratsa-Stats-All-Competitions,Male,2022,482
102,Croatia Football Clubs,Dinamo-Zagreb,edd0d381,https://fbref.com/en/squads/edd0d381/2022-2023/all_comps/Dinamo-Zagreb-Stats-All-Competitions,Male,2022,596
103,Croatia Football Clubs,Gorica,4faa6f09,https://fbref.com/en/squads/4faa6f09/2022-2023/all_comps/Gorica-Stats-All-Competitions,Male,2022,598
104,Croatia Football Clubs,Hajduk-Split,6777e16d,https://fbref.com/en/squads/6777e16d/2022-2023/all_comps/Hajduk-Split-Stats-All-Competitions,Male,2022,599
105,Croatia Football Clubs,Rijeka,25dbe099,https://fbref.com/en/squads/25dbe099/2022-2023/all_comps/Rijeka-Stats-All-Competitions,Male,2022,601
106,Croatia Football Clubs,Sibenik,bd9dc140,https://fbref.com/en/squads/bd9dc140/2022-2023/all_comps/Sibenik-Stats-All-Competitions,Male,2022,602
107,Croatia Football Clubs,Istra-1961,f49c0f7a,https://fbref.com/en/squads/f49c0f7a/2022-2023/all_comps/Istra-1961-Stats-All-Competitions,Male,2022,606
108,Croatia Football Clubs,Lokomotiva,ea115eb3,https://fbref.com/en/squads/ea115eb3/2022-2023/all_comps/Lokomotiva-Stats-All-Competitions,Male,2022,609
109,Croatia Football Clubs,Osijek,57d14db5,https://fbref.com/en/squads/57d14db5/2022-2023/all_comps/Osijek-Stats-All-Competitions,Male,2022,612
110,Croatia Football Clubs,Slaven-Belupo,7a798c4b,https://fbref.com/en/squads/7a798c4b/2022-2023/all_comps/Slaven-Belupo-Stats-All-Competitions,Male,2022,614
111,Croatia Football Clubs,Varazdin,c5727287,https://fbref.com/en/squads/c5727287/2022-2023/all_comps/Varazdin-Stats-All-Competitions,Male,2022,615
112,Cyprus Football Clubs,AC-Omonia,15e031af,https://fbref.com/en/squads/15e031af/2022-2023/all_comps/AC-Omonia-Stats-All-Competitions,Male,2022,624
113,Cyprus Football Clubs,AEK-Larnaca-FC,01689b1a,https://fbref.com/en/squads/01689b1a/2022-2023/all_comps/AEK-Larnaca-FC-Stats-All-Competitions,,2022,625
114,Cyprus Football Clubs,Apollon-Limassol,8dff1828,https://fbref.com/en/squads/8dff1828/2022-2023/all_comps/Apollon-Limassol-Stats-All-Competitions,,2022,630
115,Czech Republic Football Clubs,Slovacko,38988e1a,https://fbref.com/en/squads/38988e1a/2022-2023/all_comps/Slovacko-Stats-All-Competitions,Male,2022,637
116,Czech Republic Football Clubs,Sparta-Prague,ecb862be,https://fbref.com/en/squads/ecb862be/2022-2023/all_comps/Sparta-Prague-Stats-All-Competitions,Male,2022,644
117,Czech Republic Football Clubs,Bohemians-1905,4a2ec81c,https://fbref.com/en/squads/4a2ec81c/2022-2023/all_comps/Bohemians-1905-Stats-All-Competitions,Male,2022,647
118,Czech Republic Football Clubs,Banik-Ostrava,9c87251a,https://fbref.com/en/squads/9c87251a/2022-2023/all_comps/Banik-Ostrava-Stats-All-Competitions,Male,2022,648
119,Czech Republic Football Clubs,Fastav-Zlin,d9097887,https://fbref.com/en/squads/d9097887/2022-2023/all_comps/Fastav-Zlin-Stats-All-Competitions,Male,2022,649
120,Czech Republic Football Clubs,Hradec-Kralove,f6a3b786,https://fbref.com/en/squads/f6a3b786/2022-2023/all_comps/Hradec-Kralove-Stats-All-Competitions,Male,2022,651
121,Czech Republic Football Clubs,Slovan-Liberec,2c9bebcd,https://fbref.com/en/squads/2c9bebcd/2022-2023/all_comps/Slovan-Liberec-Stats-All-Competitions,Male,2022,652
122,Czech Republic Football Clubs,Viktoria-Plzen,02cd81bf,https://fbref.com/en/squads/02cd81bf/2022-2023/all_comps/Viktoria-Plzen-Stats-All-Competitions,Male,2022,653
123,Czech Republic Football Clubs,Zbrojovka-Brno,094c5701,https://fbref.com/en/squads/094c5701/2022-2023/all_comps/Zbrojovka-Brno-Stats-All-Competitions,Male,2022,655
124,Czech Republic Football Clubs,Jablonec,8424bb18,https://fbref.com/en/squads/8424bb18/2022-2023/all_comps/Jablonec-Stats-All-Competitions,Male,2022,660
125,Czech Republic Football Clubs,Mlada-Boleslav,70c92f33,https://fbref.com/en/squads/70c92f33/2022-2023/all_comps/Mlada-Boleslav-Stats-All-Competitions,Male,2022,661
126,Czech Republic Football Clubs,FK-Pardubice,7d704744,https://fbref.com/en/squads/7d704744/2022-2023/all_comps/FK-Pardubice-Stats-All-Competitions,Male,2022,662
127,Czech Republic Football Clubs,Teplice,06183666,https://fbref.com/en/squads/06183666/2022-2023/all_comps/Teplice-Stats-All-Competitions,Male,2022,663
128,Czech Republic Football Clubs,Ceske-Budejovice,d1eee0c9,https://fbref.com/en/squads/d1eee0c9/2022-2023/all_comps/Ceske-Budejovice-Stats-All-Competitions,Male,2022,669
129,Czech Republic Football Clubs,Sigma-Olomouc,41c6978d,https://fbref.com/en/squads/41c6978d/2022-2023/all_comps/Sigma-Olomouc-Stats-All-Competitions,Male,2022,671
130,Czech Republic Football Clubs,Slavia-Prague-Women,8b4cbfb9,https://fbref.com/en/squads/8b4cbfb9/2022-2023/all_comps/Slavia-Prague-Women-Stats-All-Competitions,Female,2022,672
131,Czech Republic Football Clubs,Slavia-Prague,111cbfb1,https://fbref.com/en/squads/111cbfb1/2022-2023/all_comps/Slavia-Prague-Stats-All-Competitions,Male,2022,673
132,Denmark Football Clubs,Aalborg,7e746554,https://fbref.com/en/squads/7e746554/2022-2023/all_comps/Aalborg-Stats-All-Competitions,Male,2022,677
133,Denmark Football Clubs,Aarhus-GF,c68f3074,https://fbref.com/en/squads/c68f3074/2022-2023/all_comps/Aarhus-GF-Stats-All-Competitions,Female,2022,680
134,Denmark Football Clubs,Horsens,60e145ad,https://fbref.com/en/squads/60e145ad/2022-2023/all_comps/Horsens-Stats-All-Competitions,Male,2022,681
135,Denmark Football Clubs,AGF,9ae196bd,https://fbref.com/en/squads/9ae196bd/2022-2023/all_comps/AGF-Stats-All-Competitions,Male,2022,682
136,Denmark Football Clubs,Brondby,ab75e049,https://fbref.com/en/squads/ab75e049/2022-2023/all_comps/Brondby-Stats-All-Competitions,Male,2022,687
137,Denmark Football Clubs,Brondby-Women,4b23c2af,https://fbref.com/en/squads/4b23c2af/2022-2023/all_comps/Brondby-Women-Stats-All-Competitions,Female,2022,688
138,Denmark Football Clubs,Fortuna-Hjorring,3c94e2df,https://fbref.com/en/squads/3c94e2df/2022-2023/all_comps/Fortuna-Hjorring-Stats-All-Competitions,Female,2022,691
139,Denmark Football Clubs,,18050b20,https://fbref.com/en/squads/18050b20/2022-2023/all_comps/-Stats-All-Competitions,Male,2022,693
140,Denmark Football Clubs,Midtjylland,3c4fb635,https://fbref.com/en/squads/3c4fb635/2022-2023/all_comps/Midtjylland-Stats-All-Competitions,Male,2022,696
141,Denmark Football Clubs,FC-Nordsjaelland,ae395858,https://fbref.com/en/squads/ae395858/2022-2023/all_comps/FC-Nordsjaelland-Stats-All-Competitions,Female,2022,697
142,Denmark Football Clubs,Nordsjaelland,1850e3f9,https://fbref.com/en/squads/1850e3f9/2022-2023/all_comps/Nordsjaelland-Stats-All-Competitions,Male,2022,698
143,Denmark Football Clubs,Thy-ThistedQ,27a26d62,https://fbref.com/en/squads/27a26d62/2022-2023/all_comps/Thy-ThistedQ-Stats-All-Competitions,Female,2022,701
144,Denmark Football Clubs,,b00041f6,https://fbref.com/en/squads/b00041f6/2022-2023/all_comps/-Stats-All-Competitions,Female,2022,703
145,Denmark Football Clubs,KoldingQ,40e6d8bf,https://fbref.com/en/squads/40e6d8bf/2022-2023/all_comps/KoldingQ-Stats-All-Competitions,Female,2022,712
146,Denmark Football Clubs,Lyngby,713d0672,https://fbref.com/en/squads/713d0672/2022-2023/all_comps/Lyngby-Stats-All-Competitions,Male,2022,713
147,Denmark Football Clubs,Odense,3f5150ef,https://fbref.com/en/squads/3f5150ef/2022-2023/all_comps/Odense-Stats-All-Competitions,Male,2022,715
148,Denmark Football Clubs,Randers,d06bc460,https://fbref.com/en/squads/d06bc460/2022-2023/all_comps/Randers-Stats-All-Competitions,Male,2022,717
149,Denmark Football Clubs,Silkeborg,b0dd06cd,https://fbref.com/en/squads/b0dd06cd/2022-2023/all_comps/Silkeborg-Stats-All-Competitions,Male,2022,718
150,Denmark Football Clubs,Sundby-BK,81c07d16,https://fbref.com/en/squads/81c07d16/2022-2023/all_comps/Sundby-BK-Stats-All-Competitions,Female,2022,719
151,Denmark Football Clubs,Viborg,ede58dea,https://fbref.com/en/squads/ede58dea/2022-2023/all_comps/Viborg-Stats-All-Competitions,Male,2022,724
152,England Football Clubs,Accrington-Stanley,9172ba36,https://fbref.com/en/squads/9172ba36/2022-2023/all_comps/Accrington-Stanley-Stats-All-Competitions,Male,2022,758
153,England Football Clubs,Bournemouth,4ba7cbea,https://fbref.com/en/squads/4ba7cbea/2022-2023/all_comps/Bournemouth-Stats-All-Competitions,Male,2022,759
154,England Football Clubs,Fylde,60d44c62,https://fbref.com/en/squads/60d44c62/2022-2023/all_comps/Fylde-Stats-All-Competitions,Male,2022,764
155,England Football Clubs,AFC-Wimbledon,8b9bf22a,https://fbref.com/en/squads/8b9bf22a/2022-2023/all_comps/AFC-Wimbledon-Stats-All-Competitions,Male,2022,779
156,England Football Clubs,Aldershot-Town,a8290768,https://fbref.com/en/squads/a8290768/2022-2023/all_comps/Aldershot-Town-Stats-All-Competitions,Male,2022,782
157,England Football Clubs,Altrincham,b30f94be,https://fbref.com/en/squads/b30f94be/2022-2023/all_comps/Altrincham-Stats-All-Competitions,Male,2022,788
158,England Football Clubs,Alvechurch-FC,5b03fc2d,https://fbref.com/en/squads/5b03fc2d/2022-2023/all_comps/Alvechurch-FC-Stats-All-Competitions,Male,2022,789
159,England Football Clubs,Arsenal,18bb7c10,https://fbref.com/en/squads/18bb7c10/2022-2023/all_comps/Arsenal-Stats-All-Competitions,Male,2022,797
160,England Football Clubs,Arsenal-U21,45bf2fb0,https://fbref.com/en/squads/45bf2fb0/2022-2023/all_comps/Arsenal-U21-Stats-All-Competitions,Male,2022,798
161,England Football Clubs,Arsenal-Women,411b1108,https://fbref.com/en/squads/411b1108/2022-2023/all_comps/Arsenal-Women-Stats-All-Competitions,Female,2022,800
162,England Football Clubs,Aston-Villa,8602292d,https://fbref.com/en/squads/8602292d/2022-2023/all_comps/Aston-Villa-Stats-All-Competitions,Male,2022,809
163,England Football Clubs,Aston-Villa-U21,6934984c,https://fbref.com/en/squads/6934984c/2022-2023/all_comps/Aston-Villa-U21-Stats-All-Competitions,Male,2022,810
164,England Football Clubs,Aston-Villa-Women,53157aa8,https://fbref.com/en/squads/53157aa8/2022-2023/all_comps/Aston-Villa-Women-Stats-All-Competitions,Female,2022,812
165,England Football Clubs,Barnsley,293cb36b,https://fbref.com/en/squads/293cb36b/2022-2023/all_comps/Barnsley-Stats-All-Competitions,,2022,833
166,England Football Clubs,Barrow,8efa4cdf,https://fbref.com/en/squads/8efa4cdf/2022-2023/all_comps/Barrow-Stats-All-Competitions,Male,2022,836
167,England Football Clubs,Birmingham-City,ec79b7c2,https://fbref.com/en/squads/ec79b7c2/2022-2023/all_comps/Birmingham-City-Stats-All-Competitions,Male,2022,868
168,England Football Clubs,Blackburn-Rovers,e090f40b,https://fbref.com/en/squads/e090f40b/2022-2023/all_comps/Blackburn-Rovers-Stats-All-Competitions,Male,2022,878
169,England Football Clubs,Blackburn-Rovers-U21,b4c2d36f,https://fbref.com/en/squads/b4c2d36f/2022-2023/all_comps/Blackburn-Rovers-U21-Stats-All-Competitions,Male,2022,879
170,England Football Clubs,Blackpool,7cbf5cb4,https://fbref.com/en/squads/7cbf5cb4/2022-2023/all_comps/Blackpool-Stats-All-Competitions,Male,2022,882
171,England Football Clubs,Bolton-Wanderers,445d3104,https://fbref.com/en/squads/445d3104/2022-2023/all_comps/Bolton-Wanderers-Stats-All-Competitions,Male,2022,889
172,England Football Clubs,Boreham-Wood,8550eb99,https://fbref.com/en/squads/8550eb99/2022-2023/all_comps/Boreham-Wood-Stats-All-Competitions,Male,2022,891
173,England Football Clubs,Bracknell-Town-FC,927f22b5,https://fbref.com/en/squads/927f22b5/2022-2023/all_comps/Bracknell-Town-FC-Stats-All-Competitions,Male,2022,900
174,England Football Clubs,Bradford-City,3148d79f,https://fbref.com/en/squads/3148d79f/2022-2023/all_comps/Bradford-City-Stats-All-Competitions,Male,2022,901
175,England Football Clubs,Brentford,cd051869,https://fbref.com/en/squads/cd051869/2022-2023/all_comps/Brentford-Stats-All-Competitions,Male,2022,906
176,England Football Clubs,Brighton-and-Hove-Albion,d07537b9,https://fbref.com/en/squads/d07537b9/2022-2023/all_comps/Brighton-and-Hove-Albion-Stats-All-Competitions,Male,2022,914
177,England Football Clubs,Brighton-and-Hove-Albion-U21,11da5cc7,https://fbref.com/en/squads/11da5cc7/2022-2023/all_comps/Brighton-and-Hove-Albion-U21-Stats-All-Competitions,Male,2022,915
178,England Football Clubs,Brighton-and-Hove-Albion-Women,fa2752bc,https://fbref.com/en/squads/fa2752bc/2022-2023/all_comps/Brighton-and-Hove-Albion-Women-Stats-All-Competitions,Female,2022,917
179,England Football Clubs,Bristol-City,93493607,https://fbref.com/en/squads/93493607/2022-2023/all_comps/Bristol-City-Stats-All-Competitions,Male,2022,920
180,England Football Clubs,Bristol-Rovers,654f3ca6,https://fbref.com/en/squads/654f3ca6/2022-2023/all_comps/Bristol-Rovers-Stats-All-Competitions,Male,2022,923
181,England Football Clubs,Bromley,6a9477ca,https://fbref.com/en/squads/6a9477ca/2022-2023/all_comps/Bromley-Stats-All-Competitions,Male,2022,929
182,England Football Clubs,Burnley,943e8050,https://fbref.com/en/squads/943e8050/2022-2023/all_comps/Burnley-Stats-All-Competitions,Male,2022,939
183,England Football Clubs,Burton-Albion,b09787c5,https://fbref.com/en/squads/b09787c5/2022-2023/all_comps/Burton-Albion-Stats-All-Competitions,Male,2022,942
184,England Football Clubs,Buxton-FC,ad55c5e3,https://fbref.com/en/squads/ad55c5e3/2022-2023/all_comps/Buxton-FC-Stats-All-Competitions,Male,2022,947
185,England Football Clubs,Cambridge-United,41da1cf3,https://fbref.com/en/squads/41da1cf3/2022-2023/all_comps/Cambridge-United-Stats-All-Competitions,Male,2022,953
186,England Football Clubs,Cardiff-City,75fae011,https://fbref.com/en/squads/75fae011/2022-2023/all_comps/Cardiff-City-Stats-All-Competitions,Male,2022,958
187,England Football Clubs,Carlisle-United,120cfbbd,https://fbref.com/en/squads/120cfbbd/2022-2023/all_comps/Carlisle-United-Stats-All-Competitions,Male,2022,960
188,England Football Clubs,Charlton-Athletic,7a8db6d4,https://fbref.com/en/squads/7a8db6d4/2022-2023/all_comps/Charlton-Athletic-Stats-All-Competitions,Male,2022,965
189,England Football Clubs,Chelmsford-City-FC,c03b95cb,https://fbref.com/en/squads/c03b95cb/2022-2023/all_comps/Chelmsford-City-FC-Stats-All-Competitions,Male,2022,970
190,England Football Clubs,Chelsea,cff3d9bb,https://fbref.com/en/squads/cff3d9bb/2022-2023/all_comps/Chelsea-Stats-All-Competitions,Male,2022,972
191,England Football Clubs,Chelsea-U21,de731359,https://fbref.com/en/squads/de731359/2022-2023/all_comps/Chelsea-U21-Stats-All-Competitions,Male,2022,973
192,England Football Clubs,Chelsea-Women,a6a4e67d,https://fbref.com/en/squads/a6a4e67d/2022-2023/all_comps/Chelsea-Women-Stats-All-Competitions,Female,2022,975
193,England Football Clubs,Cheltenham-Town,7c4744f7,https://fbref.com/en/squads/7c4744f7/2022-2023/all_comps/Cheltenham-Town-Stats-All-Competitions,Male,2022,977
194,England Football Clubs,Chesterfield,ce786972,https://fbref.com/en/squads/ce786972/2022-2023/all_comps/Chesterfield-Stats-All-Competitions,Male,2022,985
195,England Football Clubs,Chippenham-Town-FC,d99fb76d,https://fbref.com/en/squads/d99fb76d/2022-2023/all_comps/Chippenham-Town-FC-Stats-All-Competitions,Male,2022,987
196,England Football Clubs,Coalville-Town-FC,95360cc4,https://fbref.com/en/squads/95360cc4/2022-2023/all_comps/Coalville-Town-FC-Stats-All-Competitions,Male,2022,1001
197,England Football Clubs,Colchester-United,b17b8146,https://fbref.com/en/squads/b17b8146/2022-2023/all_comps/Colchester-United-Stats-All-Competitions,Male,2022,1007
198,England Football Clubs,Coventry-City,f7e3dfe9,https://fbref.com/en/squads/f7e3dfe9/2022-2023/all_comps/Coventry-City-Stats-All-Competitions,Male,2022,1020
199,England Football Clubs,Crawley-Town,0cd8eef2,https://fbref.com/en/squads/0cd8eef2/2022-2023/all_comps/Crawley-Town-Stats-All-Competitions,Male,2022,1026
200,England Football Clubs,Crewe-Alexandra,f13a527f,https://fbref.com/en/squads/f13a527f/2022-2023/all_comps/Crewe-Alexandra-Stats-All-Competitions,Male,2022,1029
201,England Football Clubs,Crystal-Palace,47c64c55,https://fbref.com/en/squads/47c64c55/2022-2023/all_comps/Crystal-Palace-Stats-All-Competitions,Male,2022,1034
202,England Football Clubs,Crystal-Palace-U21,fbb59f3a,https://fbref.com/en/squads/fbb59f3a/2022-2023/all_comps/Crystal-Palace-U21-Stats-All-Competitions,Male,2022,1035
203,England Football Clubs,Curzon-Ashton-FC,890ca1be,https://fbref.com/en/squads/890ca1be/2022-2023/all_comps/Curzon-Ashton-FC-Stats-All-Competitions,Male,2022,1037
204,England Football Clubs,Dagenham-and-Redbridge,4db00b00,https://fbref.com/en/squads/4db00b00/2022-2023/all_comps/Dagenham-and-Redbridge-Stats-All-Competitions,Male,2022,1038
205,England Football Clubs,Derby-County,26ab47ee,https://fbref.com/en/squads/26ab47ee/2022-2023/all_comps/Derby-County-Stats-All-Competitions,Male,2022,1050
206,England Football Clubs,Derby-County-U21,f7e88c47,https://fbref.com/en/squads/f7e88c47/2022-2023/all_comps/Derby-County-U21-Stats-All-Competitions,Male,2022,1051
207,England Football Clubs,Doncaster-Rovers,03d10d77,https://fbref.com/en/squads/03d10d77/2022-2023/all_comps/Doncaster-Rovers-Stats-All-Competitions,Male,2022,1057
208,England Football Clubs,Dorking-Wanderers-FC,9ac0ab8c,https://fbref.com/en/squads/9ac0ab8c/2022-2023/all_comps/Dorking-Wanderers-FC-Stats-All-Competitions,Male,2022,1059
209,England Football Clubs,Eastleigh,962bc612,https://fbref.com/en/squads/962bc612/2022-2023/all_comps/Eastleigh-Stats-All-Competitions,Male,2022,1074
210,England Football Clubs,Ebbsfleet-United,9f1a0d0f,https://fbref.com/en/squads/9f1a0d0f/2022-2023/all_comps/Ebbsfleet-United-Stats-All-Competitions,Male,2022,1076
211,England Football Clubs,Everton,d3fd31cc,https://fbref.com/en/squads/d3fd31cc/2022-2023/all_comps/Everton-Stats-All-Competitions,Male,2022,1088
212,England Football Clubs,Everton-U21,2e99ee2e,https://fbref.com/en/squads/2e99ee2e/2022-2023/all_comps/Everton-U21-Stats-All-Competitions,Male,2022,1089
213,England Football Clubs,Everton-Women,c4989550,https://fbref.com/en/squads/c4989550/2022-2023/all_comps/Everton-Women-Stats-All-Competitions,Female,2022,1091
214,England Football Clubs,Exeter-City,05791fbc,https://fbref.com/en/squads/05791fbc/2022-2023/all_comps/Exeter-City-Stats-All-Competitions,Male,2022,1093
215,England Football Clubs,Farnborough-FC,137e9691,https://fbref.com/en/squads/137e9691/2022-2023/all_comps/Farnborough-FC-Stats-All-Competitions,Male,2022,1100
216,England Football Clubs,FC-Halifax-Town,38154f92,https://fbref.com/en/squads/38154f92/2022-2023/all_comps/FC-Halifax-Town-Stats-All-Competitions,Male,2022,1107
217,England Football Clubs,Fleetwood-Town,d6a369a2,https://fbref.com/en/squads/d6a369a2/2022-2023/all_comps/Fleetwood-Town-Stats-All-Competitions,Male,2022,1114
218,England Football Clubs,Forest-Green-Rovers,f1eb9593,https://fbref.com/en/squads/f1eb9593/2022-2023/all_comps/Forest-Green-Rovers-Stats-All-Competitions,Male,2022,1117
219,England Football Clubs,Fulham,fd962109,https://fbref.com/en/squads/fd962109/2022-2023/all_comps/Fulham-Stats-All-Competitions,Male,2022,1122
220,England Football Clubs,Fulham-U21,b3bf8d09,https://fbref.com/en/squads/b3bf8d09/2022-2023/all_comps/Fulham-U21-Stats-All-Competitions,Male,2022,1123
221,England Football Clubs,Gateshead,250e0f45,https://fbref.com/en/squads/250e0f45/2022-2023/all_comps/Gateshead-Stats-All-Competitions,Male,2022,1127
222,England Football Clubs,Gillingham,5f01284a,https://fbref.com/en/squads/5f01284a/2022-2023/all_comps/Gillingham-Stats-All-Competitions,Male,2022,1128
223,England Football Clubs,Grimsby-Town,a18a87d7,https://fbref.com/en/squads/a18a87d7/2022-2023/all_comps/Grimsby-Town-Stats-All-Competitions,Male,2022,1146
224,England Football Clubs,Harrogate-Town-FC,802d1b47,https://fbref.com/en/squads/802d1b47/2022-2023/all_comps/Harrogate-Town-FC-Stats-All-Competitions,Male,2022,1173
225,England Football Clubs,Hartlepool-United,2af58c3d,https://fbref.com/en/squads/2af58c3d/2022-2023/all_comps/Hartlepool-United-Stats-All-Competitions,Male,2022,1176
226,England Football Clubs,Hereford,c4fb374f,https://fbref.com/en/squads/c4fb374f/2022-2023/all_comps/Hereford-Stats-All-Competitions,Male,2022,1198
227,England Football Clubs,Huddersfield-Town,f5922ca5,https://fbref.com/en/squads/f5922ca5/2022-2023/all_comps/Huddersfield-Town-Stats-All-Competitions,Male,2022,1220
228,England Football Clubs,Hull-City,bd8769d1,https://fbref.com/en/squads/bd8769d1/2022-2023/all_comps/Hull-City-Stats-All-Competitions,Male,2022,1221
229,England Football Clubs,Ipswich-Town,b74092de,https://fbref.com/en/squads/b74092de/2022-2023/all_comps/Ipswich-Town-Stats-All-Competitions,Male,2022,1232
230,England Football Clubs,Kings-Lynn-Town-FC,0ce564ff,https://fbref.com/en/squads/0ce564ff/2022-2023/all_comps/Kings-Lynn-Town-FC-Stats-All-Competitions,Male,2022,1247
231,England Football Clubs,Leeds-United,5bfb9659,https://fbref.com/en/squads/5bfb9659/2022-2023/all_comps/Leeds-United-Stats-All-Competitions,Male,2022,1263
232,England Football Clubs,Leeds-United-U21,21823154,https://fbref.com/en/squads/21823154/2022-2023/all_comps/Leeds-United-U21-Stats-All-Competitions,Male,2022,1264
233,England Football Clubs,Leicester-City,a2d435b3,https://fbref.com/en/squads/a2d435b3/2022-2023/all_comps/Leicester-City-Stats-All-Competitions,Male,2022,1267
234,England Football Clubs,Leicester-City-U21,cc320bb0,https://fbref.com/en/squads/cc320bb0/2022-2023/all_comps/Leicester-City-U21-Stats-All-Competitions,Male,2022,1268
235,England Football Clubs,Leicester-City-WFC,23bce84e,https://fbref.com/en/squads/23bce84e/2022-2023/all_comps/Leicester-City-WFC-Stats-All-Competitions,Female,2022,1270
236,England Football Clubs,Leyton-Orient,590e9120,https://fbref.com/en/squads/590e9120/2022-2023/all_comps/Leyton-Orient-Stats-All-Competitions,Male,2022,1278
237,England Football Clubs,Lincoln-City,d76b7bed,https://fbref.com/en/squads/d76b7bed/2022-2023/all_comps/Lincoln-City-Stats-All-Competitions,Male,2022,1280
238,England Football Clubs,Liverpool,822bd0ba,https://fbref.com/en/squads/822bd0ba/2022-2023/all_comps/Liverpool-Stats-All-Competitions,Male,2022,1288
239,England Football Clubs,Liverpool-U21,33861392,https://fbref.com/en/squads/33861392/2022-2023/all_comps/Liverpool-U21-Stats-All-Competitions,Male,2022,1289
240,England Football Clubs,Liverpool-Women,00f74a56,https://fbref.com/en/squads/00f74a56/2022-2023/all_comps/Liverpool-Women-Stats-All-Competitions,Female,2022,1291
241,England Football Clubs,Luton-Town,e297cd13,https://fbref.com/en/squads/e297cd13/2022-2023/all_comps/Luton-Town-Stats-All-Competitions,Male,2022,1309
242,England Football Clubs,Maidenhead-United,7cf2360b,https://fbref.com/en/squads/7cf2360b/2022-2023/all_comps/Maidenhead-United-Stats-All-Competitions,Male,2022,1316
243,England Football Clubs,Maidstone-United,5bb68ee3,https://fbref.com/en/squads/5bb68ee3/2022-2023/all_comps/Maidstone-United-Stats-All-Competitions,Male,2022,1317
244,England Football Clubs,Manchester-City,b8fd03ef,https://fbref.com/en/squads/b8fd03ef/2022-2023/all_comps/Manchester-City-Stats-All-Competitions,Male,2022,1323
245,England Football Clubs,Manchester-City-U21,a324bb9a,https://fbref.com/en/squads/a324bb9a/2022-2023/all_comps/Manchester-City-U21-Stats-All-Competitions,Male,2022,1324
246,England Football Clubs,Manchester-City-Women,9ce68f8a,https://fbref.com/en/squads/9ce68f8a/2022-2023/all_comps/Manchester-City-Women-Stats-All-Competitions,Female,2022,1326
247,England Football Clubs,Manchester-United,19538871,https://fbref.com/en/squads/19538871/2022-2023/all_comps/Manchester-United-Stats-All-Competitions,Male,2022,1327
248,England Football Clubs,Manchester-United-U21,1c067385,https://fbref.com/en/squads/1c067385/2022-2023/all_comps/Manchester-United-U21-Stats-All-Competitions,Male,2022,1328
249,England Football Clubs,Manchester-United-Women,0bbd83f6,https://fbref.com/en/squads/0bbd83f6/2022-2023/all_comps/Manchester-United-Women-Stats-All-Competitions,Female,2022,1330
250,England Football Clubs,Mansfield-Town,13cb8449,https://fbref.com/en/squads/13cb8449/2022-2023/all_comps/Mansfield-Town-Stats-All-Competitions,Male,2022,1332
251,England Football Clubs,Merthyr-Town-FC,3cce464f,https://fbref.com/en/squads/3cce464f/2022-2023/all_comps/Merthyr-Town-FC-Stats-All-Competitions,Male,2022,1343
252,England Football Clubs,Middlesbrough,7f59c601,https://fbref.com/en/squads/7f59c601/2022-2023/all_comps/Middlesbrough-Stats-All-Competitions,Male,2022,1346
253,England Football Clubs,Middlesbrough-U21,d795b1d0,https://fbref.com/en/squads/d795b1d0/2022-2023/all_comps/Middlesbrough-U21-Stats-All-Competitions,Male,2022,1347
254,England Football Clubs,Millwall,e3c537a1,https://fbref.com/en/squads/e3c537a1/2022-2023/all_comps/Millwall-Stats-All-Competitions,Male,2022,1353
255,England Football Clubs,Milton-Keynes-Dons,fcf5b1e1,https://fbref.com/en/squads/fcf5b1e1/2022-2023/all_comps/Milton-Keynes-Dons-Stats-All-Competitions,Male,2022,1354
256,England Football Clubs,Morecambe,6ca73159,https://fbref.com/en/squads/6ca73159/2022-2023/all_comps/Morecambe-Stats-All-Competitions,Male,2022,1359
257,England Football Clubs,Needham-Market-FC,d0684a25,https://fbref.com/en/squads/d0684a25/2022-2023/all_comps/Needham-Market-FC-Stats-All-Competitions,Male,2022,1365
258,England Football Clubs,Newcastle-United,b2b47a98,https://fbref.com/en/squads/b2b47a98/2022-2023/all_comps/Newcastle-United-Stats-All-Competitions,Male,2022,1372
259,England Football Clubs,Newcastle-United-U21,3ea79db4,https://fbref.com/en/squads/3ea79db4/2022-2023/all_comps/Newcastle-United-U21-Stats-All-Competitions,Male,2022,1373
260,England Football Clubs,Newport-County,6c15d7e1,https://fbref.com/en/squads/6c15d7e1/2022-2023/all_comps/Newport-County-Stats-All-Competitions,Male,2022,1379
261,England Football Clubs,Northampton-Town,986a26c1,https://fbref.com/en/squads/986a26c1/2022-2023/all_comps/Northampton-Town-Stats-All-Competitions,Male,2022,1391
262,England Football Clubs,Norwich-City,1c781004,https://fbref.com/en/squads/1c781004/2022-2023/all_comps/Norwich-City-Stats-All-Competitions,Male,2022,1396
263,England Football Clubs,Norwich-City-U21,74a5460e,https://fbref.com/en/squads/74a5460e/2022-2023/all_comps/Norwich-City-U21-Stats-All-Competitions,Male,2022,1397
264,England Football Clubs,Nottingham-Forest,e4a775cb,https://fbref.com/en/squads/e4a775cb/2022-2023/all_comps/Nottingham-Forest-Stats-All-Competitions,Male,2022,1401
265,England Football Clubs,Nottingham-Forest-U21,3cc6b990,https://fbref.com/en/squads/3cc6b990/2022-2023/all_comps/Nottingham-Forest-U21-Stats-All-Competitions,Male,2022,1403
266,England Football Clubs,Notts-County,3b27de1f,https://fbref.com/en/squads/3b27de1f/2022-2023/all_comps/Notts-County-Stats-All-Competitions,Male,2022,1404
267,England Football Clubs,Oldham-Athletic,4a04a02b,https://fbref.com/en/squads/4a04a02b/2022-2023/all_comps/Oldham-Athletic-Stats-All-Competitions,Male,2022,1410
268,England Football Clubs,Oxford-City-FC,2a0a34ae,https://fbref.com/en/squads/2a0a34ae/2022-2023/all_comps/Oxford-City-FC-Stats-All-Competitions,Male,2022,1414
269,England Football Clubs,Oxford-United,604617a2,https://fbref.com/en/squads/604617a2/2022-2023/all_comps/Oxford-United-Stats-All-Competitions,Male,2022,1415
270,England Football Clubs,Peterborough-United,d6e6321c,https://fbref.com/en/squads/d6e6321c/2022-2023/all_comps/Peterborough-United-Stats-All-Competitions,Male,2022,1428
271,England Football Clubs,Plymouth-Argyle,32a1480e,https://fbref.com/en/squads/32a1480e/2022-2023/all_comps/Plymouth-Argyle-Stats-All-Competitions,Male,2022,1434
272,England Football Clubs,Port-Vale,62657aa0,https://fbref.com/en/squads/62657aa0/2022-2023/all_comps/Port-Vale-Stats-All-Competitions,Male,2022,1438
273,England Football Clubs,Portsmouth,76ffc013,https://fbref.com/en/squads/76ffc013/2022-2023/all_comps/Portsmouth-Stats-All-Competitions,Male,2022,1440
274,England Football Clubs,Preston-North-End,22df8478,https://fbref.com/en/squads/22df8478/2022-2023/all_comps/Preston-North-End-Stats-All-Competitions,Male,2022,1444
275,England Football Clubs,Queens-Park-Rangers,a757999c,https://fbref.com/en/squads/a757999c/2022-2023/all_comps/Queens-Park-Rangers-Stats-All-Competitions,Male,2022,1447
276,England Football Clubs,Reading,b0ac61ff,https://fbref.com/en/squads/b0ac61ff/2022-2023/all_comps/Reading-Stats-All-Competitions,Male,2022,1458
277,England Football Clubs,Reading-Women,5d020380,https://fbref.com/en/squads/5d020380/2022-2023/all_comps/Reading-Women-Stats-All-Competitions,Female,2022,1460
278,England Football Clubs,Rochdale,51e48db2,https://fbref.com/en/squads/51e48db2/2022-2023/all_comps/Rochdale-Stats-All-Competitions,Male,2022,1469
279,England Football Clubs,Rotherham-United,375d66f1,https://fbref.com/en/squads/375d66f1/2022-2023/all_comps/Rotherham-United-Stats-All-Competitions,Male,2022,1476
280,England Football Clubs,Salford-City-FC,4cefb8c7,https://fbref.com/en/squads/4cefb8c7/2022-2023/all_comps/Salford-City-FC-Stats-All-Competitions,Male,2022,1488
